,user_name,user_location,user_description,user_verified,date,text,hashtags,source
0,Mohammad Fahim,Karachi  - Pakistan ,"Ù„ÙØ§ Ø¥ÙÙ„ÙÙ‡Ù Ø¥ÙÙ„ÙÙ‘Ø§ Ø§Ù„Ù„Ù‡  La ilaha illa Allah (There is no god but Allah)  QURAN: But as for me, He is Allah, my Lord, and I do not associate with my Lord anyone.",False,2022-04-02 14:20:33+00:00,"#Quran : 

No #disaster #strikes upon the #earth or among yourselves except that it is in a #register before We bring it into being - #indeed that, for #Allah, is #easy .

57:22

#Islam
#Muslim
#Muslims","['Quran', 'disaster', 'strikes', 'earth', 'register']",Botbird tweets
1,Luz Huntington-Moskos,KY/IN,#assistantprofessor #nursescientist @UofLNursing @CIEHS_UofL Adolescent Health & Environmental Health. #RPCV Malawi #LatinaMom of teens. She/her Tweets my own.,False,2022-04-02 13:11:28+00:00,@TaraHeagele @enviRN Your work does the important job of emphasizing the vulnerability of our older loved ones in times of #disaster,['disaster'],Twitter for iPhone
2,Luz Huntington-Moskos,KY/IN,#assistantprofessor #nursescientist @UofLNursing @CIEHS_UofL Adolescent Health & Environmental Health. #RPCV Malawi #LatinaMom of teens. She/her Tweets my own.,False,2022-04-02 12:33:24+00:00,Tada!! Hereâ€™s the 2-person #disaster #preparedness backpack heading over to mother-in-laws later todayğŸ‘ https://t.co/15EC9jiAB7,"['disaster', 'preparedness']",Twitter for iPhone
3,Luz Huntington-Moskos,KY/IN,#assistantprofessor #nursescientist @UofLNursing @CIEHS_UofL Adolescent Health & Environmental Health. #RPCV Malawi #LatinaMom of teens. She/her Tweets my own.,False,2022-04-02 12:25:17+00:00,If you missed Dr @TaraHeagele @enviRN presentation itâ€™s not too late! Check out the ANHE YouTube channel cause you will find her #disaster #preparedness talk there waiting for you! https://t.co/YR2ppvR8LU,,Twitter for iPhone
4,Luz Huntington-Moskos,KY/IN,#assistantprofessor #nursescientist @UofLNursing @CIEHS_UofL Adolescent Health & Environmental Health. #RPCV Malawi #LatinaMom of teens. She/her Tweets my own.,False,2022-04-02 12:21:15+00:00,Arrived home from #MNRS2022 to find a 4-person #disaster kit arrived in the mail!! Thank you Dr. @TaraHeagele for your excellent @enviRN Research Wok Group presentation. It inspired me to purchase a better kit for our home &amp; for my parents &amp; mother-in-law https://t.co/oUvjKOZdQ3,"['MNRS2022', 'disaster']",Twitter for iPhone
5,United News of India,"New Delhi, India",Official twitter handle of UNI - India's premier multilingual news agency,False,2022-04-02 10:24:40+00:00,"#India and #Turkmenistan signed four MoUs for cooperation in the fields of #disaster management, #Financial assistance, #culture and youth matters. The agreements were inked in the presence of President Ram Nath Kovind and President Serdar Berdimuhamedov. https://t.co/XosjnsW0cc","['India', 'Turkmenistan', 'disaster', 'Financial']",Twitter Web App
6,Suchint Sharma,"New Delhi, India","DeshBhakt | 
LogicalIndian",False,2022-04-02 10:17:40+00:00,"https://t.co/whnHGonaas @dtptraffic @AAPDelhi @TransportDelhi @nitin_gadkari @indSupremeCourt Entire Delhi is now made BRT, where E-Ricks, TSRs, 2-Wheelers, Vikrams, BullockCarts will all now drive on both fast lanes @15kmph? #vinashkalevipreetbudhi #disaster #brainlessdecision",,Twitter for Android
7,HA International,"à¤¨à¤ˆ à¤¦à¤¿à¤²à¥à¤²à¥€, à¤­à¤¾à¤°à¤¤","HAI is an Indian organisation, aiming to work globally on disaster response and development with support from Indians, including PIO. Founded by @sssingh21",True,2022-04-02 04:11:22+00:00,"Under the @HCL_Foundation funded project, #HAI together with @neadsjorhat, has constructed #disaster #resilient shelter in #Assam to be used for ICDS and health services during disasters. Since soil erosion is high, this #shelter can be dismantled and moved to other places. https://t.co/i8w928YiCU","['HAI', 'disaster', 'resilient']",Twitter Web App
8,Mohammad Fahim,Karachi  - Pakistan ,"Ù„ÙØ§ Ø¥ÙÙ„ÙÙ‡Ù Ø¥ÙÙ„ÙÙ‘Ø§ Ø§Ù„Ù„Ù‡  La ilaha illa Allah (There is no god but Allah)  QURAN: But as for me, He is Allah, my Lord, and I do not associate with my Lord anyone.",False,2022-04-01 14:20:45+00:00,"#Quran : 

No #disaster #strikes upon the #earth or among yourselves except that it is in a #register before We bring it into being - #indeed that, for #Allah, is #easy .

57:22

#Islam
#Muslim
#Muslims","['Quran', 'disaster', 'strikes', 'earth', 'register']",Botbird tweets
9,Gaurav Khatri,"Banswara,Rajasthan,India",ARTIST/ENTREPRENEUR/TECHNICIAN.,False,2022-04-01 13:56:26+00:00,"Please!!
I urge you to plant more and more trees to mitigate the effects of climate change.
Please save the soil.
#savesoil #initiative #climatechange #mitigate #disaster #degradation #ourplanet #ourresponsibility #quote",,Twitter Web App
10,Aashish Chaubey ğŸ’¥âš¡ï¸,"New Delhi, India",#DataScientist ğŸ“ˆ | Blogger ğŸ“ | TechBoffin ğŸ’» | Bibliophile ğŸ“š | Aspiring Speaker ğŸ™ | Wears a mask ğŸ˜·,False,2022-04-01 12:48:42+00:00,Why God Why? @StackOverflow #disaster #SOS #Doomsday_Is_Upon_Us https://t.co/QSTjTUbcnq,"['disaster', 'SOS', 'Doomsday_Is_Upon_Us']",Twitter Web App
11,ADBPakistan,"Islamabad, Pakistan","Official handle of the Asian Development Bank (ADB), Pakistan office. Features information on ADB's activities, partnerships, and knowledge work.",False,2022-04-01 08:15:16+00:00,"ADBâ€™s Deputy Country Director Asad Aleem &amp; experts at a Telemetry planning workshop on 31 March urged prioritizing real time flow data acquisition, &amp; aligning #disaster and #water management policies and plans to minimize #ClimateChange associated risks in #Pakistan. https://t.co/cDzhtz3qpE",,Twitter Web App
12,Harikrishnan Sajan,"Mumbai, India",21,False,2022-04-01 06:31:21+00:00,"The weather is really bad here ,i don't like this at all.

#mumbaiweather #weatherupdates #disaster #mumbaidisaster","['mumbaiweather', 'weatherupdates', 'disaster', 'mumbaidisaster']",Twitter for Android
13,NDMA India | à¤°à¤¾à¤·à¥à¤Ÿà¥à¤°à¥€à¤¯ à¤†à¤ªà¤¦à¤¾ à¤ªà¥à¤°à¤¬à¤‚à¤§à¤¨ à¤ªà¥à¤°à¤¾à¤§à¤¿à¤•à¤°à¤£ ğŸ‡®ğŸ‡³,New Delhi-110029,"à¤°à¤¾à¤·à¥à¤Ÿà¥à¤°à¥€à¤¯ à¤†à¤ªà¤¦à¤¾ à¤ªà¥à¤°à¤¬à¤‚à¤§à¤¨ à¤ªà¥à¤°à¤¾à¤§à¤¿à¤•à¤°à¤£, à¤­à¤¾à¤°à¤¤ à¤¸à¤°à¤•à¤¾à¤°Â 
National Disaster Management Authority, Govt of India",True,2022-03-31 23:04:00+00:00,"#LandslideSafety:The foundation of steep slope is weak, so try to construct your house at a safe place. #disaster. https://t.co/Cdm8DGSBUr","['LandslideSafety', 'disaster']",TweetDeck
14,Rao Haider Farooq,"Karachi, Pakistan",Me jaanta hun jo woh likhein ge jawab me :p,False,2022-03-31 15:35:30+00:00,"I am sorry, but this is a fiasco. Emotional manipulation doctrine riddlled with catastrophic diplomatic blunders.

Someone somewhere should have stopped this.

#PMImranKhan #voteofnoconfidence #Disaster",,Twitter for Android
15,Mohammad Fahim,Karachi  - Pakistan ,"Ù„ÙØ§ Ø¥ÙÙ„ÙÙ‡Ù Ø¥ÙÙ„ÙÙ‘Ø§ Ø§Ù„Ù„Ù‡  La ilaha illa Allah (There is no god but Allah)  QURAN: But as for me, He is Allah, my Lord, and I do not associate with my Lord anyone.",False,2022-03-31 14:20:35+00:00,"#Quran : 

No #disaster #strikes upon the #earth or among yourselves except that it is in a #register before We bring it into being - #indeed that, for #Allah, is #easy .

57:22

#Islam
#Muslim
#Muslims","['Quran', 'disaster', 'strikes', 'earth', 'register']",Botbird tweets
16,Achala Navaratne,"Dhaka, Bangladesh","Country Representative for @RedCross in #Bangladesh; humanitarian, disaster manager, campaigner; @UCberkeley @FulbrightPrgrm #Pera alum; Views my own",False,2022-03-31 13:04:44+00:00,"#Bangladesh ğŸ‡§ğŸ‡© #ClimateCrisis is increasing #disaster #displacement every year with families &amp; communities moving to urban centers &amp; city slums.

Tracking @DDisplacement is a start to finding durable solutions for people who are losing land &amp; risk being lost.

@ifrc @UNmigration https://t.co/KsZgyDYWhJ","['Bangladesh', 'ClimateCrisis', 'disaster', 'displacement']",Twitter for iPhone
17,Mayank Singhvi,New Delhi,"Executive Director, Investment Banker, Real Estate, fitness enthusiast, Interested in economy, history & political affairs!!",False,2022-03-31 13:02:02+00:00,@airindiain has the worst service. Rude staff.. hardly any staff for check inâ€™s â€¦ pathetic service â€¦ @RNTata2000 @TataCompanies #disaster,['disaster'],Twitter for iPhone
18,Pragativadi,"Bhubaneswar, India","The only unbiased Odia Daily, Founded by Shri Pradyumna Kishore Bal.",False,2022-03-31 12:16:56+00:00,"#Odisha Revokes #Disaster Management Act For #Covid Containment Measures

https://t.co/gZ6OuEUiZj","['Odisha', 'Disaster', 'Covid']",Twitter Web App
19,NDMA India | à¤°à¤¾à¤·à¥à¤Ÿà¥à¤°à¥€à¤¯ à¤†à¤ªà¤¦à¤¾ à¤ªà¥à¤°à¤¬à¤‚à¤§à¤¨ à¤ªà¥à¤°à¤¾à¤§à¤¿à¤•à¤°à¤£ ğŸ‡®ğŸ‡³,New Delhi-110029,"à¤°à¤¾à¤·à¥à¤Ÿà¥à¤°à¥€à¤¯ à¤†à¤ªà¤¦à¤¾ à¤ªà¥à¤°à¤¬à¤‚à¤§à¤¨ à¤ªà¥à¤°à¤¾à¤§à¤¿à¤•à¤°à¤£, à¤­à¤¾à¤°à¤¤ à¤¸à¤°à¤•à¤¾à¤°Â 
National Disaster Management Authority, Govt of India",True,2022-03-31 11:36:00+00:00,"Be Aware! Be prepared! Prepare an Emergency evacuation plan well before a #disaster or some unforeseen event strikes. 

#DisasterEmergency 
#homesafety https://t.co/fW1KMWuNWN",['disaster'],TweetDeck
20,India Water Portal,India,"National knowledge platform for #water & related issues, and repository of news & resources. Share your stories with us. Visit: https://t.co/eyb3WJbTe4",False,2022-03-31 11:02:03+00:00,"A recent report indicates an overall warming of minimum temperatures, an increase in the number of rainy days and heavy rainfall events across almost all the districts of the four Indian eastern states of India 

#climatechange #researchstudy #rainfall #disaster",,Twitter for Advertisers.
21,CoEDMM IITR,Roorkee,"Center of Excellence in Disaster Mitigation and Management (CoEDMM), Indian Institute of Technology Roorkee @iitroorkee",False,2022-03-31 06:43:05+00:00,"This week's recommendation of #Disaster studies is the study led by @TheHandwerger titled ""Generating landslide density heatmaps for rapid detection using open-access satellite radar data in Google Earth Engine""  Find more about the study here https://t.co/2XxISJJhAw",['Disaster'],Twitter Web App
22,Assam State Disaster Management Authority,"Guwahati, India",The Assam State Disaster Management Authority was notified in the year 2007 with the adoption of the Disaster Management Act in the year 2006.,False,2022-03-31 06:18:34+00:00,"A few glimpses from the State level training of Field Officers (DM) on #FloodManagement, #Disaster Reporting and Early Warning Systems (2nd Batch) held on 30th March 2002 at Don Bosco Institute, Kharghuli.

#ASDMA #Assam #disastermanagement #flood #flooding #rain #climatechange https://t.co/HcLDmxgtqb","['FloodManagement', 'Disaster']",Twitter Web App
23,BriflyNews,India,"Brifly is a short news App that provide important updates about current affairs from multiple sources and summarises it in BRIEF, CRISP & SWIFT manner.",False,2022-03-31 05:00:01+00:00,"After conducting a high-level meeting, the Union Home Minister approved central assistance to five states under the National Disaster Response Fund (NDRF).

#briflynews #AmitShah #HomeMinistry #NDRF #natural #disaster #indianstates 
https://t.co/GKoYYU1vtW",,TweetDeck
24,Vandana Rathore,India  ,A Creative Soul and Lightworker. Strictly - No DMs.,False,2022-03-31 04:35:32+00:00,"@PrashantTandy Well put, and my mind speak, tks Sir. #experiences 
Most bad behavior comes from insecurity. - Debra Winger.
Now, entire country is wasting its time in highlighting the plight including ourselves. #Modi #Disaster #India https://t.co/6cFC4km5ug",['experiences'],Twitter Web App
25,NDMA India | à¤°à¤¾à¤·à¥à¤Ÿà¥à¤°à¥€à¤¯ à¤†à¤ªà¤¦à¤¾ à¤ªà¥à¤°à¤¬à¤‚à¤§à¤¨ à¤ªà¥à¤°à¤¾à¤§à¤¿à¤•à¤°à¤£ ğŸ‡®ğŸ‡³,New Delhi-110029,"à¤°à¤¾à¤·à¥à¤Ÿà¥à¤°à¥€à¤¯ à¤†à¤ªà¤¦à¤¾ à¤ªà¥à¤°à¤¬à¤‚à¤§à¤¨ à¤ªà¥à¤°à¤¾à¤§à¤¿à¤•à¤°à¤£, à¤­à¤¾à¤°à¤¤ à¤¸à¤°à¤•à¤¾à¤°Â 
National Disaster Management Authority, Govt of India",True,2022-03-31 00:04:00+00:00,#Disaster Preparation (After) #Thunderstorms/ #Duststorms/ #Squall Do's and Don'ts. https://t.co/ZAQKfVu8nT,"['Disaster', 'Thunderstorms', 'Duststorms', 'Squall']",TweetDeck
26,NDMA India | à¤°à¤¾à¤·à¥à¤Ÿà¥à¤°à¥€à¤¯ à¤†à¤ªà¤¦à¤¾ à¤ªà¥à¤°à¤¬à¤‚à¤§à¤¨ à¤ªà¥à¤°à¤¾à¤§à¤¿à¤•à¤°à¤£ ğŸ‡®ğŸ‡³,New Delhi-110029,"à¤°à¤¾à¤·à¥à¤Ÿà¥à¤°à¥€à¤¯ à¤†à¤ªà¤¦à¤¾ à¤ªà¥à¤°à¤¬à¤‚à¤§à¤¨ à¤ªà¥à¤°à¤¾à¤§à¤¿à¤•à¤°à¤£, à¤­à¤¾à¤°à¤¤ à¤¸à¤°à¤•à¤¾à¤°Â 
National Disaster Management Authority, Govt of India",True,2022-03-30 23:36:00+00:00,#Disaster Preparation (During) #Thunderstorms/ #Duststorms/ #Squall Do's and Don'ts. https://t.co/0VgLJhLVQw,"['Disaster', 'Thunderstorms', 'Duststorms', 'Squall']",TweetDeck
27,Mohammad Fahim,Karachi  - Pakistan ,"Ù„ÙØ§ Ø¥ÙÙ„ÙÙ‡Ù Ø¥ÙÙ„ÙÙ‘Ø§ Ø§Ù„Ù„Ù‡  La ilaha illa Allah (There is no god but Allah)  QURAN: But as for me, He is Allah, my Lord, and I do not associate with my Lord anyone.",False,2022-03-30 14:20:35+00:00,"#Quran : 

No #disaster #strikes upon the #earth or among yourselves except that it is in a #register before We bring it into being - #indeed that, for #Allah, is #easy .

57:22

#Islam
#Muslim
#Muslims","['Quran', 'disaster', 'strikes', 'earth', 'register']",Botbird tweets
28,N Pathan,Rajkot,i am working as editor of lifecare magazine.,False,2022-03-30 13:51:33+00:00,Shipra Khanna: My First Dish Was A Disaster On Chef Vs Fridge Season 2 https://t.co/49BuW9t7C3 #AUTHOR #CAFÃ‰ #CELEBRITY_CHEF #CHEF #CHEF_FRIDGE #CHEF_SHIPRA_KHANNA #DISASTER #DISH #FIRST #FRIDGE #FRIDGE_SEASON_2 #INDIAN #INDIAN_CELEBRITY_CHEF #PERSONALITY #RESTAURATEUR #SHI... https://t.co/6ebiXXutAM,"['AUTHOR', 'CAFÃ‰']",Twitter Web App
29,lifecarenews,"Rajkot, India","Lifecarenews - A Hope Of True Information. Life Care (Lifecarenews) is a Fortnightly Magazine, you can read article, information about Health, Entertainment ...",False,2022-03-30 13:44:06+00:00,Shipra Khanna: My First Dish Was A Disaster On Chef Vs Fridge Season 2 https://t.co/g8w3yK501i #AUTHOR #CAFÃ‰ #CELEBRITY_CHEF #CHEF #CHEF_FRIDGE #CHEF_SHIPRA_KHANNA #DISASTER #DISH #FIRST #FRIDGE #FRIDGE_SEASON_2 #INDIAN #INDIAN_CELEBRITY_CHEF #PERSONALITY #RESTAURATEUR #SHI... https://t.co/xCMECoRB2W,"['AUTHOR', 'CAFÃ‰']",Twitter Web App
30,Estates - Facility Management Company,"Noida, India",India's Leading Integrated Facility Management Company,False,2022-03-30 11:14:58+00:00,"We cannot stop natural calamities to happen, but we can be ready for it. 
We do routine safety drills to ensure preparedness for such incidents.

To opt for our services, visit ğ’˜ğ’˜ğ’˜.ğ’†ğ’”ğ’•ğ’‚ğ’•ğ’†ğ’”.ğ’ğ’†ğ’•.ğ’Šğ’

#estates #Emergency #FacilitiesMgmt #disaster #crisis #Management https://t.co/ctEUd3MBm2",,Twitter Web App
31,Mayank Singh,"Mumbai, India","Full time F&O trader, swing & positional trader. Also like Exercising,  Gaming, food, movies and reading manga and still Single.",False,2022-03-30 09:57:53+00:00,"MOONFALL Movie Review I Ronald Emmrich I Halle Berry I Patrick Wilson #Disaster
 #Moonfall, #RonaldEmmrich, #HalleBerry, #PatrickWilson,  #Disaster, 
#Aliens, #Lionsgate, #Tencent, #Action, #Adventure, #SciFi,
https://t.co/gYdLxuJZZR","['Disaster', 'Moonfall', 'RonaldEmmrich']",Twitter for Android
32,CoEDMM IITR,Roorkee,"Center of Excellence in Disaster Mitigation and Management (CoEDMM), Indian Institute of Technology Roorkee @iitroorkee",False,2022-03-30 07:08:50+00:00,Discussion on vision for #disaster #response at the Conference on Disaster Management organized by @sewausa @sewabharati https://t.co/Gqag3q84hQ,"['disaster', 'response']",Twitter Web App
33,ABhiyant Tiwari,"Ahmedabad, India",MPH | Environmental Health Sciences | @thePHFI | @Harvard | @heathealth_info | @GIDMOfficial,False,2022-03-30 06:54:54+00:00,"#IndiağŸ‡®ğŸ‡³heading towards #Disability Inclusive #Disaster #Risk Reduction of #HeatWavesğŸŒ¡ï¸â˜€ï¸

How To Stay Preparedâ˜‚ï¸ğŸ¥¤ğŸ©ºFor #Heatwave (#Hindi/ #SignLanguage)

@ndmaindia @Indiametdept @NPCCHH @MoHFW_INDIA @UNDRR @PreventionWeb @WHO @WMO @heathealth_info  @IIPHG1 @AmdavadAMC https://t.co/taUs7vssBz","['India', 'Disability', 'Disaster', 'Risk', 'HeatWaves']",Twitter Web App
34,SankalpIT,Mohali,Best in class ConnectWise Automate (formerly LabTech) Consultants. SankalpIT offers 24/7/365 High-Level ConnectWise Automate Admin services & Support.,False,2022-03-29 20:01:20+00:00,"What are Backup Disaster Recovery and Recovery (BDR/DR) Solutions?

Backup and disaster recovery are not the same thing. Backup makes two copies of your data so that you can still get to it if one of them is lost or damaged. 

https://t.co/O4rTjjystD
#Disaster #BACKUP #MSP",,Twitter Web App
35,Praveen Bhajanka,"Gurgaon, India",Filmmaker | Content Creator l Love talking about Tech | Play Games with me @parablastgaming,False,2022-03-29 17:30:34+00:00,Why does it take a disaster for things to change... #think #deep #change #disaster #need,"['think', 'deep', 'change', 'disaster', 'need']",Twitter Web App
36,Sree Menon (à´¶àµà´°àµ€ à´•àµà´Ÿàµà´Ÿà´¿ )ğŸ‡®ğŸ‡³,BharatğŸ‡®ğŸ‡³ ,"NationalistğŸ‡®ğŸ‡³,

Hindu ğŸ•‰ï¸

Honoured to be followed by former
 NZğŸ‡³ğŸ‡¿ PM @RtHon_JohnKey

Honoured to be blocked by @Swamy39

RT not necessarily  endorsement.",False,2022-03-29 16:39:41+00:00,"Sincerely wish, hope @TheJohnAbraham movie #Attack
Creates #Bollywood record

Biggest #FLOP #Disaster movie

 His arrogant, insensitive attitude towards @KashmirFiles movie during press conference makes me think so","['Attack', 'Bollywood', 'FLOP', 'Disaster']",Twitter for Android
37,shanmukha chelluriğŸ‡®ğŸ‡³ğŸ‡®ğŸ‡³,India,"movies: #prabhas  #maheshbabu  #TFI  
              cricket: #Rohit #India #MI",False,2022-03-29 15:52:30+00:00,"Indian's big #blockbuster film belongs to #Prabhasğ“ƒ¬ (bahubali &amp; bahubali2)
Indian's one of the big #Disaster  film belongs to #Prabhas 
""Nothing great comes without a RISK""
Proud to be a fan of prabhas Anna.
Always &amp; forever","['blockbuster', 'Prabhasğ“ƒ¬', 'Disaster']",Twitter for Android
38,Dzango,India,"Wealth Management&Investment Banker,wannabe author/poet, blogger and Aikido senshusei,Alternate Investments.Calls for educative purpose only.RTs not endorsement",False,2022-03-29 15:03:51+00:00,#RussianArmy loss in #UkraineWar is lesson for #Modi DO NOT TURN #IndianArmy INTO A POLITICAL MACHINE.Sure recipÃ© 4 #Disaster,"['RussianArmy', 'UkraineWar', 'Modi', 'IndianArmy', 'Disaster']",Twitter for Android
39,Mohammad Fahim,Karachi  - Pakistan ,"Ù„ÙØ§ Ø¥ÙÙ„ÙÙ‡Ù Ø¥ÙÙ„ÙÙ‘Ø§ Ø§Ù„Ù„Ù‡  La ilaha illa Allah (There is no god but Allah)  QURAN: But as for me, He is Allah, my Lord, and I do not associate with my Lord anyone.",False,2022-03-29 14:20:26+00:00,"#Quran : 

No #disaster #strikes upon the #earth or among yourselves except that it is in a #register before We bring it into being - #indeed that, for #Allah, is #easy .

57:22

#Islam
#Muslim
#Muslims","['Quran', 'disaster', 'strikes', 'earth', 'register']",Botbird tweets
40,The Citizen,"New Delhi, India",India's First Independent Online Daily. #TheCitizenIsYou,True,2022-03-29 13:26:04+00:00,"Yemen's longstanding conflict with neighbouring countries â€“ and a civil war on the home front â€“ have caused immense devastation.

Thalif Deen reports, read more on https://t.co/gnDTvAZWtI

#World #Yemen #SaudiAttack #Arabs #Disaster #CivilWar https://t.co/4lwNS3llDt",,Hootsuite Inc.
41,Priyanka Debnath,"Kolkata, India",Experienced Freelance Journalist with a demonstrated history of working in the legal services industry.,False,2022-03-29 11:30:19+00:00,"DoYouKnow? In 1999 An Earthquake in India Strikes the Chamoli District in Uttar Pradesh! The deadly Earthquake has exterminated Hundreds of families and disintegrated thousands of houses.

#Loudwithpd #Earthquake #Disaster #Newsinfo #Lawyer #LegalAid #Lawyer #LawSchool #Education https://t.co/b6bQKWrWG3",,Postcron App
42,NDMA India | à¤°à¤¾à¤·à¥à¤Ÿà¥à¤°à¥€à¤¯ à¤†à¤ªà¤¦à¤¾ à¤ªà¥à¤°à¤¬à¤‚à¤§à¤¨ à¤ªà¥à¤°à¤¾à¤§à¤¿à¤•à¤°à¤£ ğŸ‡®ğŸ‡³,New Delhi-110029,"à¤°à¤¾à¤·à¥à¤Ÿà¥à¤°à¥€à¤¯ à¤†à¤ªà¤¦à¤¾ à¤ªà¥à¤°à¤¬à¤‚à¤§à¤¨ à¤ªà¥à¤°à¤¾à¤§à¤¿à¤•à¤°à¤£, à¤­à¤¾à¤°à¤¤ à¤¸à¤°à¤•à¤¾à¤°Â 
National Disaster Management Authority, Govt of India",True,2022-03-29 08:04:00+00:00,"Be Aware! Be prepared! Prepare an Emergency evacuation plan well before a #disaster or some unforeseen event strikes. 

#DisasterEmergency 
#homesafety https://t.co/o69SWuxbyJ",['disaster'],TweetDeck
43,Assam State Disaster Management Authority,"Guwahati, India",The Assam State Disaster Management Authority was notified in the year 2007 with the adoption of the Disaster Management Act in the year 2006.,False,2022-03-29 04:59:48+00:00,"As the flooding season approaches, a state-level training of #ASDMA Field Officers (DM) on Flood Management, Disaster Reporting and Early Warning systems was held on 28th March 2022, at the Don Bosco Institute, Kharguli. 
#Assam #disastermanagement #disaster #flood #flooding https://t.co/koUnXeqrZg",['ASDMA'],Twitter Web App
44,Ahmedabad Mirror,"Ahmedabad, Gujarat",Kadak news with your kadak chai,True,2022-03-29 04:15:02+00:00,"#Gujarat has Rs 1,165 cr in #disaster response #fund : In addition, Rs 1,000 crore grant was allotted under #NDRF as a special package during #Taukte

More : https://t.co/Vptf2Ys6FZ","['Gujarat', 'disaster', 'fund', 'NDRF']",Hootsuite Inc.
45,NDMA India | à¤°à¤¾à¤·à¥à¤Ÿà¥à¤°à¥€à¤¯ à¤†à¤ªà¤¦à¤¾ à¤ªà¥à¤°à¤¬à¤‚à¤§à¤¨ à¤ªà¥à¤°à¤¾à¤§à¤¿à¤•à¤°à¤£ ğŸ‡®ğŸ‡³,New Delhi-110029,"à¤°à¤¾à¤·à¥à¤Ÿà¥à¤°à¥€à¤¯ à¤†à¤ªà¤¦à¤¾ à¤ªà¥à¤°à¤¬à¤‚à¤§à¤¨ à¤ªà¥à¤°à¤¾à¤§à¤¿à¤•à¤°à¤£, à¤­à¤¾à¤°à¤¤ à¤¸à¤°à¤•à¤¾à¤°Â 
National Disaster Management Authority, Govt of India",True,2022-03-28 23:36:00+00:00,#Disaster Preparation (After) #Thunderstorms/ #Duststorms/ #Squall Do's and Don'ts. https://t.co/u1IZPmbJlx,"['Disaster', 'Thunderstorms', 'Duststorms', 'Squall']",TweetDeck
46,NDMA India | à¤°à¤¾à¤·à¥à¤Ÿà¥à¤°à¥€à¤¯ à¤†à¤ªà¤¦à¤¾ à¤ªà¥à¤°à¤¬à¤‚à¤§à¤¨ à¤ªà¥à¤°à¤¾à¤§à¤¿à¤•à¤°à¤£ ğŸ‡®ğŸ‡³,New Delhi-110029,"à¤°à¤¾à¤·à¥à¤Ÿà¥à¤°à¥€à¤¯ à¤†à¤ªà¤¦à¤¾ à¤ªà¥à¤°à¤¬à¤‚à¤§à¤¨ à¤ªà¥à¤°à¤¾à¤§à¤¿à¤•à¤°à¤£, à¤­à¤¾à¤°à¤¤ à¤¸à¤°à¤•à¤¾à¤°Â 
National Disaster Management Authority, Govt of India",True,2022-03-28 23:03:00+00:00,#Disaster Preparation (During) #Thunderstorms/ #Duststorms/ #Squall Do's and Don'ts. https://t.co/u7nUvz7CKq,"['Disaster', 'Thunderstorms', 'Duststorms', 'Squall']",TweetDeck
47,Mohammad Fahim,Karachi  - Pakistan ,"Ù„ÙØ§ Ø¥ÙÙ„ÙÙ‡Ù Ø¥ÙÙ„ÙÙ‘Ø§ Ø§Ù„Ù„Ù‡  La ilaha illa Allah (There is no god but Allah)  QURAN: But as for me, He is Allah, my Lord, and I do not associate with my Lord anyone.",False,2022-03-28 14:20:44+00:00,"#Quran : 

No #disaster #strikes upon the #earth or among yourselves except that it is in a #register before We bring it into being - #indeed that, for #Allah, is #easy .

57:22

#Islam
#Muslim
#Muslims","['Quran', 'disaster', 'strikes', 'earth', 'register']",Botbird tweets
48,makarandmpatil,"Pune, Maharashtra, India","Technology Consulting, CAD, GIS, GPS, Project Management, Technical Content Development, Literature, Music, Theatre lover and always a student.",False,2022-03-28 12:32:10+00:00,"Struggle for survival
#nature #ClimateCrisis #ClimateEmergency #ClimateJustice #wildlife #disaster #Africa #water #draught #scarcity https://t.co/cjzwsOYVvo","['nature', 'ClimateCrisis', 'ClimateEmergency', 'ClimateJustice', 'wildlife', 'disaster', 'Africa', 'water']",Twitter for Android
49,Sewa International,"New Delhi, India","Official Twitter Handle for Sewa International Bharat.
Serving Humanity in Distress - Promoting Volunteerism - Service before Self !",False,2022-03-28 05:30:00+00:00,"Before a disaster struck! Letâ€™s discuss #disastermanagement and the framework needed to mitigate a #disaster. Click to join the #conference: https://t.co/hElYQzIIKf

@MORTHIndia @VESIMspeaks @icssr @Oracle","['disastermanagement', 'disaster']",Twitter Web App
50,Mohammad Shazed,Bangladesh,Humanitarian Response Specialist | DRR Specialist | Traveler-Photographer-Storyteller,False,2022-03-28 01:27:13+00:00,"On 27th, March #redcross #redcrescent and #iscg jointly organized Multi-Hazard Preparedness and Response event for District and Camps.
Secretary to MODMR, RRRC, DC, Armed Forces, Donors, and humanitarian workers join the event.
#disaster #preparedness #response @RedCross @BDRCS1 https://t.co/eaEfocDIwM","['redcross', 'redcrescent', 'iscg']",Twitter for Android
51,Mohammad Fahim,Karachi  - Pakistan ,"Ù„ÙØ§ Ø¥ÙÙ„ÙÙ‡Ù Ø¥ÙÙ„ÙÙ‘Ø§ Ø§Ù„Ù„Ù‡  La ilaha illa Allah (There is no god but Allah)  QURAN: But as for me, He is Allah, my Lord, and I do not associate with my Lord anyone.",False,2022-03-27 14:20:43+00:00,"#Quran : 

No #disaster #strikes upon the #earth or among yourselves except that it is in a #register before We bring it into being - #indeed that, for #Allah, is #easy .

57:22

#Islam
#Muslim
#Muslims","['Quran', 'disaster', 'strikes', 'earth', 'register']",Botbird tweets
52,Rashad Ahamad,Dhaka,"Reporter at New Age
Dhaka, Bangladesh.
Covering labour rights, environment, disasters, urban development",False,2022-03-27 06:08:15+00:00,"#launch catches #fire on #Buriganga near #Sadarghat #port in #Bangladesh
#Disaster 
#Dhaka
#firefighters 
#vessel
#ship 
#launchfire https://t.co/zeM9s2tK88","['launch', 'fire', 'Buriganga', 'Sadarghat', 'port', 'Bangladesh', 'Disaster', 'Dhaka', 'firefighters', 'vessel']",Twitter for Android
53,Rising Kashmir,Srinagar,"Official Twitter feed of Rising Kashmir, Kashmir's No. 1 English Daily Newspaper owned by Kashmir Media House. Submissions to editpage@risingkashmir.com",True,2022-03-27 02:09:36+00:00,"#DMRRR organises one-day #Disaster #Preparedness #Training programme

@er_aamirali

https://t.co/hZ4KecXFCi","['DMRRR', 'Disaster', 'Preparedness', 'Training']",Twitter for Android
54,Arun Sharma,"Chandigarh, India",BOLT Award Winner,False,2022-03-27 01:37:00+00:00,Under section 51(b) of the #Disaster #Management #Act #spitting in #public #spaces is declared as a #punishable #offence.The #government should take action against those who violate the provisions as spitting in public places/spaces can cause #infection. #Chandigarh #Punjab,"['Disaster', 'Management', 'Act', 'spitting', 'public', 'spaces', 'punishable']",Twitter for Android
55,Mohammad Fahim,Karachi  - Pakistan ,"Ù„ÙØ§ Ø¥ÙÙ„ÙÙ‡Ù Ø¥ÙÙ„ÙÙ‘Ø§ Ø§Ù„Ù„Ù‡  La ilaha illa Allah (There is no god but Allah)  QURAN: But as for me, He is Allah, my Lord, and I do not associate with my Lord anyone.",False,2022-03-26 14:20:35+00:00,"#Quran : 

No #disaster #strikes upon the #earth or among yourselves except that it is in a #register before We bring it into being - #indeed that, for #Allah, is #easy .

57:22

#Islam
#Muslim
#Muslims","['Quran', 'disaster', 'strikes', 'earth', 'register']",Botbird tweets
56,LatestLaws.com,India,"India's Favourite Legal e-Magazine for Latest Legal News, Articles, Blogs, Case Analysis, Largest free Database of Bare Acts, Rules, Regulations & much more",False,2022-03-26 08:43:11+00:00,"SC: Filing Fake Covid Claims is a Criminal Offence under Sec.52 DMA, Read Order
#Law #Latest #LatestLaws #LegalNews #India #IndianNews #News #Legal #SupremeCourt #Criminal #disaster 
https://t.co/FJ3xtR6D9R","['Law', 'Latest', 'LatestLaws', 'LegalNews']",Twitter Web App
57,zone4solution,"New Delhi, India",Disaster Management services related organisation . You may contact us for an operational Disaster Management Plan!,False,2022-03-25 14:58:29+00:00,@NGMABengaluru Thanks @NGMABengaluru for this association. We enjoyed working with you and will love to be engaged with you in future also. #NGMA #museumarchive #art #Disaster #DRR #gallery #culture @adnan12three @NehaBansal31 @Rishi017 @envirosafe2007 @awdhesh_k @VeerSin64077351 @adipurush_1,,Twitter for iPhone
58,Mohammad Fahim,Karachi  - Pakistan ,"Ù„ÙØ§ Ø¥ÙÙ„ÙÙ‡Ù Ø¥ÙÙ„ÙÙ‘Ø§ Ø§Ù„Ù„Ù‡  La ilaha illa Allah (There is no god but Allah)  QURAN: But as for me, He is Allah, my Lord, and I do not associate with my Lord anyone.",False,2022-03-25 14:20:58+00:00,"#Quran : 

No #disaster #strikes upon the #earth or among yourselves except that it is in a #register before We bring it into being - #indeed that, for #Allah, is #easy .

57:22

#Islam
#Muslim
#Muslims","['Quran', 'disaster', 'strikes', 'earth', 'register']",Botbird tweets
