,user_location,date,text,hashtags,keyword,LABEL
0,New Delhi-110029,2022-03-08 13:02:00+00:00,"Follow these do's and don'ts to ensure your safety before, during and after an #Earthquake. https://t.co/fq58rXVpbf",['Earthquake'],earthquake,0.0
1,New Delhi-110029,2022-03-08 12:34:00+00:00,#Earthquake | Do you know what to do to #StaySafe if outdoors DURING an earthquake? üëá https://t.co/uL2EJ8QQCU,"['Earthquake', 'StaySafe']",earthquake,0.0
2,New Delhi-110029,2022-03-08 11:13:59+00:00,.@ndmaindia conducts a state-level mock exercise on #Earthquake disaster for the state of Sikkim based on the  Incident Response System (IRS). https://t.co/QihWR83U8X,['Earthquake'],earthquake,0.0
3,"New Delhi, India",2022-03-08 03:04:28+00:00,"The intensity of the #earthquake was felt at III MMI (Modified Mercalli Intensity) in Manado city, the capital of the province, Siau island and North Minahasa district. https://t.co/4zGQ77nGJC",['earthquake'],earthquake,1.0
4,mumbai,2022-03-08 02:21:20+00:00,"A 5.6-magnitude #earthquake rocked North #Sulawesi province in central #Indonesia early on Tuesday, the meteorology, climatology and geophysics agency said. https://t.co/IvEUxFfuup","['earthquake', 'Sulawesi', 'Indonesia']",earthquake,1.0
5,"Ballia,Uttar Pradesh",2022-03-08 02:07:01+00:00,"Must watch
Roasting video part 2
https://t.co/9XVFqcX7uj
#Earthquake",['Earthquake'],earthquake,0.0
6,"‡§ó‡•Å‡§µ‡§æ‡§π‡§æ‡§ü‡•Ä, ‡§≠‡§æ‡§∞‡§§",2022-03-08 01:08:10+00:00,"Felt an #earthquake 50 minutes ago @LastQuake, any updates?",['earthquake'],earthquake,1.0
7,Guwahati,2022-03-08 00:20:12+00:00,"Earthquake in Guwahati. Did you feel it? 

#earthquake #Assam #Guwahati","['earthquake', 'Assam', 'Guwahati']",earthquake,1.0
8,Guwahati ,2022-03-08 00:18:34+00:00,"#earthquake #Guwahati #Assam #India

Who else felt the tremor.
#Morning shake","['earthquake', 'Guwahati', 'Assam', 'India', 'Morning']",earthquake,0.0
9,India,2022-03-08 00:17:39+00:00,"International Women‚Äôs Day just started with a mild #Earthquake in #Guwahati 

Nature says #BreakTheBias too!","['Earthquake', 'Guwahati', 'BreakTheBias']",earthquake,0.0
10,India,2022-03-08 00:17:29+00:00,"üåç felt just now....

#earthquake #Guwahati","['earthquake', 'Guwahati']",earthquake,1.0
11,New Delhi,2022-03-08 00:13:57+00:00,"A 5.6-magnitude #earthquake rocked North #Sulawesi province in central #Indonesia early on Tuesday, the meteorology, climatology and geophysics agency said. https://t.co/5pZjrQFV0f","['earthquake', 'Sulawesi', 'Indonesia']",earthquake,1.0
12,Earth,2022-03-07 23:55:27+00:00,"USGS reports a M4.7 earthquake, 55 km SE of Mohr, Iran on 3/7/22 @ 23:30:29 UTC https://t.co/EAvvwZz4T5 #earthquake",['earthquake'],earthquake,1.0
13,India,2022-03-07 18:55:57+00:00,"Earthquake prophecy worldwide.
8 March 2022, 12:19 AM

#Indonesia 6+M #earthquake soon.

#Greece #Turkey #Albania moderate or big one earthquake (less chances) soon.

#Alaska big one earthquake soon.

#Japan /Taiwan moderate or big one earthquake (chances) soon.

#guam 6+M soon.","['Indonesia', 'earthquake', 'Greece', 'Turkey', 'Albania']",earthquake,1.0
14,"Assam, India",2022-03-07 17:35:20+00:00,"I sincerely hope it was an earthquake few minutes ago and not some maniac pushing the button.
#earthquake",['earthquake'],earthquake,1.0
15,New Delhi-110029,2022-03-07 17:34:00+00:00,"#Earthquake | Follow these do's and don'ts to ensure your safety before, during and after an #Earthquake. https://t.co/E7FTLUuSLO","['Earthquake', 'Earthquake']",earthquake,0.0
16,"Karachi, Pakistan",2022-03-07 12:39:45+00:00,"#Breaking: Earthquake Jolts felt in Karachi

#earthquake #Karachi","['Breaking', 'earthquake', 'Karachi']",earthquake,1.0
17,"Karachi, Pakistan",2022-03-07 12:36:10+00:00,"#BreakingNews earthquake jolts felt in Karachi 

#earthquake #Karachi #EarthquakeKarachi","['BreakingNews', 'earthquake', 'Karachi', 'EarthquakeKarachi']",earthquake,1.0
18,"Navi Mumbai, India",2022-03-07 08:44:30+00:00,Anyone feeling very low #earthquake in #mumbai #navimumbai ?,"['earthquake', 'mumbai', 'navimumbai']",earthquake,0.0
19,TELANGANA,2022-03-06 15:35:01+00:00,"Can't get #Justice atleast give me #Mercy Kil üôèüáÆüá≥

#LISA #NoFlyZone #ApexLegends #Batman #CWC22 #Crypto #DARARI #ElonMusk #earthquake #Eurovision #ETH #Giveaway #SuperTuna_Jin #KaranKundrra #Moscow #OscarsFanFavorite #ONEPIECE #quote #RadheShyam #RussianUkrainianWar #StayAlive","['Justice', 'Mercy', 'LISA', 'NoFlyZone', 'ApexLegends', 'Batman', 'CWC22', 'Crypto', 'DARARI']",earthquake,0.0
20,TELANGANA,2022-03-06 15:32:55+00:00,"@TamilTheHindu Can't get #Justice atleast give me #Mercy Kil üôèüáÆüá≥

#LISA #NoFlyZone #ApexLegends #Batman #CWC22 #Crypto #DARARI #ElonMusk #earthquake #Eurovision #ETH #Giveaway #SuperTuna_Jin #KaranKundrra #Moscow #OscarsFanFavorite #ONEPIECE #quote #RadheShyam #RussianUkrainianWar #StayAlive","['Justice', 'Mercy', 'LISA', 'NoFlyZone', 'ApexLegends', 'Batman', 'CWC22']",earthquake,0.0
21,"West Bengal, India",2022-03-06 01:59:02+00:00,"#BeAwareBePreparedBeSafe
#prevention is better than cure 
Steps for #earthquake preparedness 
@AtulKarwal 
@NDRFHQ 
@SinghGurminder6 
@wbdmcd 
@sikkimgovt 
@DMgangtok 
@DMJalpaiguri https://t.co/xCgweFJDQU","['BeAwareBePreparedBeSafe', 'prevention', 'earthquake']",earthquake,0.0
22,"New Delhi, India",2022-03-06 01:18:53+00:00,"Earthquake of magnitude 4.3 hits Kathmandu in Nepal #Earthquake #katmandu #NationalCenterforSeismology #nepalearthquake https://t.co/tGGU6k0UpG
https://t.co/mSO9VZHIbi","['Earthquake', 'katmandu', 'NationalCenterforSeismology']",earthquake,1.0
23,India,2022-03-06 01:00:44+00:00,"Magnitude 4.3 earthquake hits Kathmandu, Nepal

#Earthquake",['Earthquake'],earthquake,1.0
24,India,2022-03-05 15:40:09+00:00,"#Pakistan #India #China #earthquake prophecy

5.9¬±M #earthquake soon Pakistan India China around..
45 hours alerts.

5 March 2022
9:01 PM..
By @baba_vardaani
ORACLE India...

Note: Also #Alaska/#Kuril Alerts 9 Hours.. Possibility big one soon, Relax after 9 hours.","['Pakistan', 'India', 'China', 'earthquake', 'earthquake']",earthquake,0.0
25,India,2022-03-05 13:16:59+00:00,"An #earthquake of magnitude 5.5 struck northern #Sumatra in #Indonesia on Saturday, the European Mediterranean Seismological Centre (EMSC) said.

 https://t.co/1ivKixOtGa","['earthquake', 'Sumatra', 'Indonesia']",earthquake,1.0
26,"Kolkata, India",2022-03-05 12:23:32+00:00,Strong Shallow #Earthquake on the northern tip of #Sumatra https://t.co/3iIQNFaRmK,"['Earthquake', 'Sumatra']",earthquake,1.0
27,India,2022-03-05 09:25:51+00:00,"Vanuatu earthquake prophecy.
5 March 2022..2:54 PM.

Big one #earthquake soon around #Vanuatu #Fiji...

45 hours alerts. From tweet time...","['earthquake', 'Vanuatu', 'Fiji']",earthquake,0.0
28,New Delhi-110029,2022-03-04 18:03:00+00:00,#Earthquake | Is your house earthquake resistant? https://t.co/Pv2Ip9SvSo,['Earthquake'],earthquake,0.0
29,New Delhi-110029,2022-03-04 17:33:00+00:00,"#Earthquake | Follow these do's and don'ts to ensure your safety before, during and after an #Earthquake. https://t.co/UJVUzmQutL","['Earthquake', 'Earthquake']",earthquake,0.0
30,"West Bengal, India",2022-03-04 14:37:07+00:00,"#CapacityBuilding
Under the aegis of #azadikaamritmohatsav
@2_ndrf conducted a #mock exercise with officials of Kolkata Mint , @CISFHQrs and #fire service of West Bengal on the scenerio based on #earthquake
@AtulKarwal
@NDRFHQ 
@ndmaindia 
@ANI 
@PIBKolkata https://t.co/Y9lJeAA9lf","['CapacityBuilding', 'azadikaamritmohatsav', 'mock']",earthquake,0.0
31,Earth,2022-03-04 11:03:29+00:00,"USGS reports a M4.4 earthquake, 55 km SE of Mohr, Iran on 3/4/22 @ 10:46:14 UTC https://t.co/hXbXrHTuKD #earthquake",['earthquake'],earthquake,1.0
32,"Dubai, United Arab Emirates",2022-03-04 04:41:11+00:00,"Are you prepared for the possibility of an #earthquake? Everyone everywhere should learn and practice the fundamentals of #earthquakesafety.

üåê Visit: https://t.co/Yk8KXHs1Yt
‚òéCall us +971-4-3887983
üì©mail: info@mmjss.ae

 #fireprotection #safety #firealarm 
 #firesafetytips https://t.co/WGL48GYZKN",['earthquake'],earthquake,0.0
33,Earth,2022-03-04 04:25:29+00:00,"USGS reports a M4.6 earthquake, western Xizang on 3/4/22 @ 4:07:52 UTC https://t.co/XQuTMSyp1z #earthquake",['earthquake'],earthquake,1.0
34,Pakistan,2022-03-03 16:31:50+00:00,"5.2 magnitude earthquake jolts Swat, adjoining areas
https://t.co/PBtVsZLhfJ
#Swat #earthquake https://t.co/zQ69aapjLV","['Swat', 'earthquake']",earthquake,1.0
35,"Mumbai, India",2022-03-03 15:49:28+00:00,"However, the National Seismological Service has said a 6.2-magnitude #earthquake hit eastern Mexico and placed its epicenter two kilometers southeast of Isla in Veracruz.

https://t.co/KwjpxqFW4r",['earthquake'],earthquake,1.0
36,"Itanagar, Arunachal Pradesh",2022-03-03 14:22:39+00:00,"#12NDRF conducted Joint #MockExercises on #earthquake @Kohima #Nagaland with district Administration. Various stakeholders of district participated in exercise to improve #preparedness on disaster management &amp; Capacity Building. More than 119 persons were benefited.
@Neiphiu_Rio https://t.co/x5mSozFv7k","['12NDRF', 'MockExercises', 'earthquake', 'Nagaland']",earthquake,0.0
37,New Delhi-110029,2022-03-03 13:03:00+00:00,"#Earthquake | Protect yourself from an earthquake with the DROP, COVER, HOLD technique! 

Watch this video üëáto know more. https://t.co/htTBW8B8kC",['Earthquake'],earthquake,0.0
38,New Delhi-110029,2022-03-03 12:33:00+00:00,"#Earthquake | Protect yourself from an earthquake with the DROP, COVER, HOLD technique! https://t.co/LMoC76VZti",['Earthquake'],earthquake,0.0
39,"Lahore, Pakistan",2022-03-03 12:05:13+00:00,"#india #ISPR  #submarine  #PakArmy  #Warzone 
Cowardly India wants to provoke Pakistan to war. If Indian submarine comes again , it will be sunk 
Pakistan Army Zindabad  Pakistan Zindabad üáµüá∞üáµüá∞ 
#WelcomeToHell      Welcome to Pakistan only for friends 
 #earthquake https://t.co/p5qi34fmuD","['india', 'ISPR', 'submarine', 'PakArmy', 'Warzone']",earthquake,0.0
40,New Delhi-110029,2022-03-03 11:33:00+00:00,"#Earthquake | Follow these do's and don'ts to ensure your safety before, during and after an #Earthquake. https://t.co/nogj1UTTHv","['Earthquake', 'Earthquake']",earthquake,0.0
41,Bhubaneshwar ,2022-03-03 11:31:35+00:00,"Mild tremors of #earthquake was felt in Odisha in today‚Äôs afternoon. The earthquake jolted #Nabarangpur and #Kalahandi districts of #Odisha today, thereby triggering widespread panic among the residents. 

https://t.co/wPINhdYHm6","['earthquake', 'Nabarangpur']",earthquake,0.0
42,India,2022-03-03 11:11:33+00:00,Mild earthquake hits Odisha‚Äôs Kalahandi district https://t.co/IpSP3k7SFm #Earthquake #hits #Jagdalpur #Kalahandi #mild Read Full  üëá,"['Earthquake', 'hits', 'Jagdalpur', 'Kalahandi', 'mild']",earthquake,1.0
43,"Gujranwala, Pakistan",2022-03-03 10:34:08+00:00,"Breaking news 

Lahore under Rain 
Chowk Wazir Khan right now in rain
welcome to Pakistan  #ÿßŸà_ÿ®⁄æÿßÿ¶€å_ŸÖÿ¨⁄æ€í_ŸÖÿßÿ±Ÿà   #RahimYarKhan 
 #Earthquake https://t.co/TvzexExYz7",['ÿßŸà_ÿ®⁄æÿßÿ¶€å_ŸÖÿ¨⁄æ€í_ŸÖÿßÿ±Ÿà'],earthquake,0.0
44,Pakistan,2022-03-03 10:05:47+00:00,#earthquake?? May #Allah bless us all..,"['earthquake', 'Allah']",earthquake,0.0
45,Pakistan,2022-03-03 09:49:16+00:00,"We traced the peddled image to 2005. The original images are from October 8, 2005 where an #earthquake hit Azad Kashmir around  08:50:39 Pakistan Standard Time. It was centered in Muzaffarabad killing nearly 30 -40 thousand people as per UNICEF.
https://t.co/QBsSsOEsDR https://t.co/WCyHTaq41g",['earthquake'],earthquake,0.0
46,Pakistan,2022-03-03 09:49:12+00:00,"‚ö†Ô∏è#FakeNews alert!!!
#FactCheck: Old pictures from 2005 earthquake peddled as from #BalakotAirStrike.

We did a fact check on the circulating image traced them back to 2005 where an #earthquake hit #BalakotAirStrike.

Thread. https://t.co/oZhYjHDZIK","['FakeNews', 'FactCheck', 'BalakotAirStrike']",earthquake,0.0
47,"Bhubaneswar, Odisha",2022-03-03 09:36:49+00:00,"#Odisha | A mild #earthquake jolted the #Nabarangpur and #Kalahandi districts today triggering widespread panic among the residents. The earthquake of magnitude 3.5 on the Richter scale hit the regions between 11.40 am and 12 pm, IMD regional centre in #Bhubaneswar informed.","['Odisha', 'earthquake', 'Nabarangpur', 'Kalahandi']",earthquake,1.0
48,Pakistan,2022-03-03 09:36:34+00:00,"RealityüíØ
#earthquake https://t.co/A99Fq6gd1r",['earthquake'],earthquake,0.0
49,"Rawalpindi, Pakistan",2022-03-03 09:32:18+00:00,"Me waking up with this

#earthquake https://t.co/tXrS6greCY",['earthquake'],earthquake,1.0
50,pakistan,2022-03-03 09:30:35+00:00,"All Types Jobs: Best Pak Gov Jobs APPLY TODAY Fast...
---&gt; https://t.co/V5IrNeGB8y

#TeamPakistan #RussianUkrainianWar #IStandWithPutin #KulbhushanShame #zamungwaziristan #Lahore #earthquake #jobsearch #Peshawar #CrudeOil https://t.co/89wmqXqCWB",['TeamPakistan'],earthquake,0.0
51,India,2022-03-03 09:22:38+00:00,"A magnitude 3.5 #earthquake struck #Odisha's Kalahandi district on Thursday, the National Center for Seismology said.

https://t.co/nbMiSQGSae","['earthquake', 'Odisha']",earthquake,1.0
52,"New Delhi, India",2022-03-03 09:18:58+00:00,"Earthquake strikes Odisha district, cracked reported in some houses #crackedhouses #Earthquake #Odishadistrict https://t.co/zOHwBBOle6
https://t.co/8mRNkqpe2O","['crackedhouses', 'Earthquake', 'Odishadistrict']",earthquake,1.0
53,Earth,2022-03-03 09:14:29+00:00,"USGS reports a M4.3 earthquake, 165 km NNE of Shi Yomi, India on 3/3/22 @ 8:47:08 UTC https://t.co/l7umn44zCr #earthquake",['earthquake'],earthquake,1.0
54,"Lahore, Pakistan.",2022-03-03 08:54:44+00:00,"May ALLAH protect everyone in His safe shelter.

#Quetta #QuettaBlast #Earthquake #Ukriane","['Quetta', 'QuettaBlast', 'Earthquake', 'Ukriane']",earthquake,0.0
55,"Odisha, India",2022-03-03 08:21:31+00:00,"Mild earthquake felt in Kalahandi district of #Odisha #earthquake 
https://t.co/UOPEWll0oh","['Odisha', 'earthquake']",earthquake,1.0
56,"Karachi, Pakistan",2022-03-03 07:47:27+00:00,#Earthquake means Arishem's baby coming out. https://t.co/njp2MxZQw5,['Earthquake'],earthquake,1.0
57,"Islamabad, Pakistan",2022-03-03 07:28:20+00:00,"Ya Allah Protect All.. üíî
#earthquake 
#earthquake 
#PAKvsAUS 
#CWC22 https://t.co/K5nSIHjGR5","['earthquake', 'earthquake', 'PAKvsAUS', 'CWC22']",earthquake,0.0
58,"Gujranwala, Pakistan",2022-03-03 07:25:06+00:00,May Allah keep  everyone safe and sound! Ameen #Earthquake https://t.co/nLTpm9Y9K1,['Earthquake'],earthquake,0.0
59,"Lahore, Pakistan",2022-03-03 07:03:33+00:00,"Breaking news 

Lahore under Rain 
Chowk Wazir Khan right now in rain
welcome to Pakistan  #ÿßŸà_ÿ®⁄æÿßÿ¶€å_ŸÖÿ¨⁄æ€í_ŸÖÿßÿ±Ÿà   #RahimYarKhan 
 #Earthquake https://t.co/89C3C0qP2L",['ÿßŸà_ÿ®⁄æÿßÿ¶€å_ŸÖÿ¨⁄æ€í_ŸÖÿßÿ±Ÿà'],earthquake,0.0
60,"Sialkot, Pakistan",2022-03-03 06:39:58+00:00,May Allah protect each and everyone from #Earthquake https://t.co/QSeemUeRR2,['Earthquake'],earthquake,0.0
61,Pakistan,2022-03-03 06:35:09+00:00,"Core Web Vitals:
 Core Web Vitals are ‚Äúmore than a tiebreaker‚Äù in terms of their impact on rankings.
#seo #digitalmarketing #webdevelopment #jobsearch #QuettaBlast #earthquake #RussianUkrainianWar #PAKvsAUS #StockMarket #gold #PakistanCricket #UNGA",['seo'],earthquake,0.0
62,Pakistan,2022-03-03 06:21:33+00:00,"Mobile Optimized: 
With more than half of all searches done from #mobile devices, Google wants to see that your site is #optimized for mobile users. In fact, Google now penalizes #websites that aren‚Äôt mobile-friendly.
#seo #digitalmarketing #jobsearch #QuettaBlast #earthquake",['mobile'],earthquake,0.0
63,Lahore,2022-03-03 05:59:39+00:00,"Political Uncertainty Prevailed, Political meet ups at its full swing. @realrazidada 
https://t.co/qk3UcINjzU
 #Earthquake",['Earthquake'],earthquake,0.0
64,"Islamabad, Pakistan",2022-03-03 05:59:06+00:00,me waking up to #earthquake news #earthquake,"['earthquake', 'earthquake']",earthquake,1.0
65,"Islamabad, Pakistan",2022-03-03 05:58:33+00:00,"#Earthquake of magnitude 4.2 at 71 km N of G√ºiria, #Venezuela. Retweet if you felt it.
#earthquake","['Earthquake', 'Venezuela', 'earthquake']",earthquake,1.0
66,"Islamabad, Pakistan",2022-03-03 05:58:16+00:00,"Eyewitnesses reported shaking in #Chile 4 min ago (local time 01:56:41)‚ö†The shaking is generally due to an #earthquake (#sismo) -but occasionally it may have another cause, such as a sonic boom‚ùó 
#earthquake",['Chile'],earthquake,1.0
67,"Charsadda, Pakistan",2022-03-03 05:50:44+00:00,"This video shows how critical region has formed a day before and increased in size on the day of the #earthquake in #Afghanistan. Such clusters of black pixels point to regional tectonic instabilities due to synchronizations among individual faluts.
#Earthquake https://t.co/b5YqVtjz5F",['earthquake'],earthquake,1.0
68,Ÿæÿß⁄©ÿ≥ÿ™ÿßŸÜ,2022-03-03 05:26:09+00:00,"#earthquake
The frequent #earthquake are a reminder that we are disobeying the Lord Almighty.
ÿ∂ŸÖ€åÿ± ŸÜ€Å€å⁄∫ ⁄©ÿßŸÜŸæÿ™€í €å€Åÿß⁄∫
ÿ≤ŸÖ€åŸÜ ⁄©ÿßŸÜŸæ ÿ¨ÿßÿ™€å €Å€í https://t.co/YHLWd7DLFe","['earthquake', 'earthquake']",earthquake,0.0
69,Pakistan,2022-03-03 05:25:50+00:00,"Ya Allah Protect All.. üíî
#earthquake https://t.co/PoXillPQlg",['earthquake'],earthquake,0.0
70,Pakistan,2022-03-03 05:20:30+00:00,"Duplicate Meta Information On-Site: 
Duplicate #META information across your site may bring down all of your page‚Äôs visibility.
#seo #digitalmarketing #QuettaBlast #earthquake #RussianUkrainianWar #PAKvsAUS #StockMarket #gold",['META'],earthquake,0.0
71,Attock,2022-03-03 05:12:00+00:00,"Earthquake in Islamabad hope everybody safe and sound
#earthquake",['earthquake'],earthquake,1.0
72,"Hafizabad, Pakistan",2022-03-03 05:03:15+00:00,"#earthquake
The frequent #earthquake are a reminder that we are disobeying the Lord Almighty.
ÿ∂ŸÖ€åÿ± ŸÜ€Å€å⁄∫ ⁄©ÿßŸÜŸæÿ™€í €å€Åÿß⁄∫
ÿ≤ŸÖ€åŸÜ ⁄©ÿßŸÜŸæ ÿ¨ÿßÿ™€å €Å€í https://t.co/a3SjDKBCGy 
#earthquake","['earthquake', 'earthquake']",earthquake,0.0
73,"Islamabad, Pakistan",2022-03-03 04:50:12+00:00,"40% of #deaths in #Pakistan are caused by contaminated #water. Become part of #ShifaFoundation's Campaign to provide #clean drinking water. #SaveLives by #donating #handpump at https://t.co/OUDhGCCFT3
#INGO #NGO #charity #QuettaBlast #earthquake #Sindh #Health https://t.co/7QcQUU1Fzi","['deaths', 'Pakistan', 'water', 'ShifaFoundation']",earthquake,0.0
74,Lahore,2022-03-03 04:14:52+00:00,"Recite this Dua whenever you feel #earthquake
Hope everyone is safe and sound! https://t.co/AnrKMJ8hkx",['earthquake'],earthquake,0.0
75,Pakistan,2022-03-03 04:01:30+00:00,"#Earthquake
#earthquake 
This pic is epic!üòçü§© https://t.co/88XJWWLtp1","['Earthquake', 'earthquake']",earthquake,0.0
76,"Mirpur, Pakistan",2022-03-03 03:29:55+00:00,"#earthquake
The frequent #earthquake are a reminder that we are disobeying the Lord Almighty.
ÿ∂ŸÖ€åÿ± ŸÜ€Å€å⁄∫ ⁄©ÿßŸÜŸæÿ™€í €å€Åÿß⁄∫
ÿ≤ŸÖ€åŸÜ ⁄©ÿßŸÜŸæ ÿ¨ÿßÿ™€å €Å€í 
#earthquake https://t.co/i8s2QfLnAD","['earthquake', 'earthquake']",earthquake,0.0
77,Mianwali,2022-03-03 03:25:09+00:00,"Please Watch and Subscribe
https://t.co/mlwpfIgE8R
#earthquake https://t.co/Ie0jkFx18k",['earthquake'],earthquake,0.0
78,India,2022-03-08 14:04:14+00:00,"Various scenes from the #Malaysian Kuala Lumpur #floods

 https://t.co/RN2yZgVjXT","['Malaysian', 'floods']",floods,1.0
79,mumbai,2022-03-08 13:21:28+00:00,"#Kangaroos seeking dry ground.  (Video courtesy of Kate, Palmers Island near Yamba, NSW)
#floods #nswfloods #australiafloods #australia #SydneyStorm #sydneyrain https://t.co/PAekwA7EzE","['Kangaroos', 'floods', 'nswfloods']",floods,0.0
80,India,2022-03-08 12:13:57+00:00,"Tafrishaala Prime Time

https://t.co/NtKG77E7WW

https://t.co/oNEJIPUpqZ

#Evacuation #Ukraine #Sumy #Irpin #Russia #Sydney #floods #rains #Australia #Malaysia #Quarantine #border #Iran #nucleartalks #thunderstorm #IMD #India #tafrishaala #primetime #worldnews https://t.co/IwY5Wwn8CU","['Evacuation', 'Ukraine', 'Sumy', 'Irpin', 'Russia']",floods,0.0
81,"Odisha, India",2022-03-08 11:51:03+00:00,"20 killed as deadly #floods continue to lash #Australia #kalingatv 
https://t.co/6fCgWKueSs","['floods', 'Australia', 'kalingatv']",floods,1.0
82,"Mumbai, India",2022-03-08 11:19:16+00:00,20 killed as deadly floods continue to lash Australia #killed #deadly #floods #Australia #disaster #emergency #InternationalNews #globalnews #worldnews https://t.co/fGZtyZr45h,"['killed', 'deadly', 'floods', 'Australia', 'disaster', 'emergency']",floods,1.0
83,"New Delhi, India",2022-03-08 09:35:13+00:00,Various scenes from the #Malaysian Kuala Lumpur #floods https://t.co/Xs3aCJQ7jf,"['Malaysian', 'floods']",floods,1.0
84,Delhi,2022-03-08 06:23:51+00:00,People in #Sydney's southern and southwestern suburbs have been ordered to evacuate as quickly as possible due to warnings that rain could lead to more flooding and landslides.#flood #flooding #floods #HeavyRains #tormenta  #lluvias #lluvia #chuvas  #banjir #inundaciones #weather https://t.co/S8yg1XU1XZ,['Sydney'],floods,1.0
85,ÿØŸàŸÑÿ© ÿßŸÑÿ•ŸÖÿßÿ±ÿßÿ™ ÿßŸÑÿπÿ±ÿ®Ÿäÿ© ÿßŸÑŸÖÿ™ÿ≠ÿØÿ©,2022-03-08 02:11:22+00:00,"#Australia #floods force tens of thousands to evacuate 
https://t.co/Va179zLelp 
#Sharjah24 https://t.co/X8Ea3YPpG6","['Australia', 'floods', 'Sharjah24']",floods,1.0
86,"Dhaka, Bangladesh",2022-03-07 16:36:55+00:00,"flooding in Kuala Lumpur. Malaysia. Highways are flooded, cars are abandoned and float like boats.
#flood #flooding #floods #HeavyRains #tormenta #rainfall #alluvione #lluvias #lluvia #chuvas #aluvi√≥n #banjir #enchete #inundaciones #weather #Malaysia #KualaLumpur https://t.co/gBg5u6cpKJ","['flood', 'flooding']",floods,1.0
87,"Jaipur,Rajasthan,India",2022-03-07 10:31:09+00:00,Water becomes vapour in wetbulb temperature .#Urban #population will reach 88 crore in next 28 yrs at #India.#Mumbai may face #floods in 2050.#Ahmedabad may become extremely hot &amp; #Chennai #Bhubaneswar #Patna #Lucknow may have #humidity &amp; high temperature.#ClimateCrisis https://t.co/EkvcglZTXg,"['Urban', 'population', 'India']",floods,0.0
88,Roorkee,2022-03-06 16:29:13+00:00,"@UNDRR reports #Floods and #droughts to be the most common disasters across the world. 
The number of affected people has risen sharply since 2017, recent #australiafloods adds to the evidence https://t.co/DW5uFtSSkj","['Floods', 'droughts']",floods,0.0
89,New Delhi,2022-03-06 06:44:30+00:00,A picture is worth a thousand words! When the #city #floods nothing will matter! #ClimateCrisis #flooding #disasters https://t.co/uTV4I5YJGp,"['city', 'floods', 'ClimateCrisis', 'flooding', 'disasters']",floods,1.0
90,ÿØŸàŸÑÿ© ÿßŸÑÿ•ŸÖÿßÿ±ÿßÿ™ ÿßŸÑÿπÿ±ÿ®Ÿäÿ© ÿßŸÑŸÖÿ™ÿ≠ÿØÿ©,2022-03-06 04:53:21+00:00,"#Sydney faces more rain as death toll from Australian #floods rises 
https://t.co/TTtcWdoFoT 
#Sharjah24 https://t.co/637mh6VCe9","['Sydney', 'floods', 'Sharjah24']",floods,1.0
91,Islamabad,2022-03-05 09:02:20+00:00,"#NewsUpdate 

#NSW Queensland #floods: #Queensland's flood #deathtoll rises to 11 after #woman's body found 
#pakustv #NYC #severeweather #ClimateEmergency #SydneyStorm #NSWFloods #Australia 
https://t.co/xeNf5eMffA","['NewsUpdate', 'NSW', 'floods', 'Queensland', 'deathtoll', 'woman']",floods,0.0
92,"Goa, India",2022-03-04 10:47:04+00:00,"7/n Average mortality from #floods, storms &amp; droughts is nine times higher in countries &amp; regions ranked as highly vulnerable such as #India. üáÆüá≥üåèüåäüå™Ô∏èüåÄüìà
#ClimateReport #IPCC #IPCCReport #ClimateAction",['floods'],floods,0.0
93,Earth,2022-03-04 02:55:49+00:00,"#disaster #agency #chief should be #Sacked, #Labor says, after #CALL for #flooded #homes not to be rebuilt
#floods https://t.co/ICtOxUOkcJ","['disaster', 'agency', 'chief', 'Sacked', 'Labor', 'CALL', 'flooded', 'homes', 'floods']",floods,0.0
94,India,2022-03-03 13:15:00+00:00,"#australianfloods - Tens of thousands of people were ordered to leave their homes on March 1, and many more had been warned to prepare to flee as parts of #Australia's southeast coast were barraged by the worst flooding in decades.

#climatechange #floods https://t.co/0lhTbq6Zvs",['australianfloods'],floods,1.0
95,Earth,2022-03-03 09:37:27+00:00,"Up to 500,000 #residents of #Sydney, #Australia, have been advised to #evacuate their #homes as the #region experiences #Severe #flooding and #high #winds.
#queenslandfloods
#floods https://t.co/DBHKSn3Lww","['residents', 'Sydney', 'Australia', 'evacuate', 'homes', 'region']",floods,1.0
96,Earth,2022-03-03 07:41:33+00:00,"About half a million #people in the #Sydney area told to #evacuate or prepare to #FLEE #floodwaters as torrential #rain hit an extraordinarily long stretch of #Australia's east #coast.
#floods https://t.co/XGWr6kIMtm","['people', 'Sydney', 'evacuate', 'FLEE', 'floodwaters']",floods,1.0
97,Lahore,2022-03-03 07:00:31+00:00,"We are afraid of #floods BUT
west enjoys üò® https://t.co/d6XyYVUs1L",['floods'],floods,0.0
98,"New Delhi, India",2022-03-03 05:26:34+00:00,"#HighLevelCommittee under the Chairmanship of the Union Home Minister @AmitShah, has approved additional Central assistance under the #NationalDisasterResponseFund to five States and one Union Territory, which were affected by #floods/ #landslides during 2021.",['HighLevelCommittee'],floods,0.0
99,Earth,2022-03-03 02:40:23+00:00,"#Editorial | Other doomsday: #climate change is just as much of a #Threat 

Climate change is a direct result of #Human #Activity, accelerating. #Consequences now unavoidable

It will plunge #Billions into food insecurity, storms, fires, #Heat #WAVES, #floods, more

#IPCCReport https://t.co/xPTvgKp6ns","['Editorial', 'climate', 'Threat']",floods,0.0
100,India,2022-03-02 15:30:01+00:00,41-yo Vinod Pallathu has rescued around 10 people from drowning in the #Periyar river. He also helped #save over 300 people stuck in the 2014 and 2018 #floods and is enlisted as a citizen warden with the Perumbavoor fire and #rescue services unit. Keep up the excellent work! https://t.co/a2QFyM8sob,"['Periyar', 'save']",floods,0.0
101,India,2022-03-02 15:29:28+00:00,"The country‚Äôs third-most populous #city #Brisbane was inundated with #water #Monday following #heavyrains and #flooding which killed eight people.

#Australia #AustraliaDecides #AustraliaFloods #floods https://t.co/9rWj1IHx8S","['city', 'Brisbane', 'water', 'Monday', 'heavyrains']",floods,1.0
102,India,2022-03-02 15:25:33+00:00,"Freak #floods #SMASH Australia's east coast killing eight people.

#Australia #AustraliaDecides 
#AustraliaFloods #Bridgerton https://t.co/cZL12jj3ij","['floods', 'SMASH', 'Australia', 'AustraliaDecides', 'AustraliaFloods']",floods,1.0
103,Srinagar,2022-03-02 14:39:25+00:00,"The Indus Post Bulletin, 02 March 2022

https://t.co/0WwxfDKjWS

#RoundTheWorld #Theindusposbulletin #Kashmir #Schools #Education #SchoolLife #Bandipora #Ukraine #Kharkiv #Sydney #Floods #NaturalDisasters #China #UkraineEvacuation #CRPF #JKPolice #WeatherUpdate https://t.co/F2Jy1IeDVs","['RoundTheWorld', 'Theindusposbulletin', 'Kashmir']",floods,0.0
104,"Amritsar, India",2022-03-02 14:11:55+00:00,Melbourne's Sikh community assist in NSW flood zone #sikhs #news #floods #melbourne #nswflood #australia #australiafloods https://t.co/DsTfvG8Npl,"['sikhs', 'news', 'floods', 'melbourne', 'nswflood', 'australia']",floods,0.0
105,India,2022-03-02 14:06:31+00:00,"#IPCCReport predicts that #floods, humidity and heat waves are going to cause havoc in #Urban areas. 

What should your city do to prepare itself against #ClimateCrisis ? 

Find out with us as we talk to @AnjalPrakash on the #IPCCReport special #policyparcharcha tonight at 9:30PM https://t.co/XDcUy2QoFV","['IPCCReport', 'floods', 'Urban']",floods,0.0
106,Srinagar,2022-03-02 13:51:08+00:00,"Round The World with The Indus Post
https://t.co/aIvhZNPulG

#RoundTheWorld #TheIndusPost #TheDailyTip  #Kashmir #Schools #Education #SchoolLife #Bandipora #Ukraine #Elections #ArvindKejriwal #KeralaHC #Russia #Kharkiv #Sydney #Floods #NaturalDisasters #China #UkraineEvacuation https://t.co/Y0dnepj4pS","['RoundTheWorld', 'TheIndusPost', 'TheDailyTip', 'Kashmir']",floods,0.0
107,"Patna, Bihar, India ",2022-03-02 12:27:47+00:00,"According to IPCC, Half the world is facing #water scarcity, #floods &amp; #drought.
Need large investment &amp; strict policy to bring downüå°Ô∏èbelow 1.5 degree Cen.‚ö†Ô∏è
Had wonderful session, organised by @IPCC_CH  by team of @WRIClimate , @CEEWIndia, @UNEP and 
@JamwalNidhi
#ClimateAction https://t.co/OpDwcvJweF","['water', 'floods', 'drought']",floods,0.0
108,India,2022-03-02 09:55:31+00:00,"Abaan Habib was distraught to see #Srinagar city lashed by a massive #floods in 2014. Having no access to any #disaster aid, he saw his own people in immense pain and helplessness.

https://t.co/uZtuUWIOb5","['Srinagar', 'floods']",floods,0.0
109,"Jammu, India",2022-03-02 09:40:40+00:00,"India, Pakistan hold crucial water sharing talks in Islamabad
#india #pakistan #Islamabad #storm #drainage #floods #jkchannel #jkchanneltv https://t.co/Abxtsn1MsK","['india', 'pakistan', 'Islamabad', 'storm', 'drainage', 'floods']",floods,0.0
110,New Delhi,2022-03-02 06:20:20+00:00,"IPCC 6th assessment report reveals some alarming facts under different scenarios.

#IPCCReport
#climatechange
#waterconservation
#floods
#foodsafety
#india
#environment
#GlobalWarming
#carbonemissions https://t.co/2VRzbRWFKt","['IPCCReport', 'climatechange']",floods,0.0
111,Islamabad,2022-03-01 19:18:52+00:00,"#NewsUpdate 

#NSWFlood: #Ballina braces for #flooding as #weather bomb heads for #Sydney 
#pakustv #NYC #severeweather #ClimateEmergency #rains #SydneyStorm #floods #Australia 
https://t.co/T03CI8PBRP","['NewsUpdate', 'NSWFlood', 'Ballina', 'flooding', 'weather', 'Sydney', 'pakustv', 'NYC']",floods,1.0
112,Earth,2022-03-01 16:31:55+00:00,"#record-#BREAKING #floods in #Australia  leave #residents and #horses #Trapped on #Bridge overnight
#floods https://t.co/SlVZTdj0ih","['record', 'BREAKING', 'floods', 'Australia', 'residents', 'horses', 'Trapped', 'Bridge', 'floods']",floods,1.0
113,"Dhaka, Bangladesh",2022-03-01 16:25:01+00:00,"Nine people have died and more than a thousand people have been rescued
#Australia #floods 
 https://t.co/glRCYOk4hS","['Australia', 'floods']",floods,1.0
114,India,2022-03-01 14:23:01+00:00,"Tafrishaala Prime Time

https://t.co/NtKG77n4UW

https://t.co/P0EvlvgSoO

#Missile #Ukraine #Russia #Zelensky #Kharkiv #Syria #blaze #Shoppingcentre #Honduras #mining #Australia #floods #evacuation #Budapest #Indianstudents #hardeepsinghpuri #tafrishaala #primetime #worldnews https://t.co/ulEAwFurs2","['Missile', 'Ukraine', 'Russia', 'Zelensky']",floods,0.0
115,India,2022-03-01 13:45:00+00:00,"The recent #Floods in #Australia have been the worst in a decade, with thousands fleeing from the southeast coast. #ClimateChange has been a major contributor to the disaster, says #IPCC report.

Photostory: https://t.co/SgYJDODTNo

üì∏: Peter W; Patrick H/Getty Images https://t.co/dL1Kdx5Xip","['Floods', 'Australia']",floods,0.0
116,India,2022-03-01 11:29:00+00:00,"Climate catastrophe: 35 mn Indians may face flooding by 2050, Mumbaikars at high risk

#ClimateChange #Floods #Environment 

https://t.co/iS43FWcfi7","['ClimateChange', 'Floods']",floods,0.0
117,Earth,2022-03-01 06:52:13+00:00,"Tens of thousands of #people have been ordered to #evacuate their #homes and many more have been told to prepare to flee as parts of #Australia #southeast #coast are inundated by the #WORST #flooding in #decades. The flooding has claimed at least nine #lives.
#floods #Australia https://t.co/AfDXGk99EB","['people', 'evacuate', 'homes']",floods,1.0
118,Punjab,2022-03-01 06:50:28+00:00,"Australia facing more floods, droughts due to global warming

#Australia #Floods #Droughts #GlobalWarming #YesPunjab

https://t.co/KRKSm4q0xc","['Australia', 'Floods', 'Droughts', 'GlobalWarming']",floods,0.0
119,"New Delhi, India",2022-03-01 04:33:58+00:00,Australian authorities order thousands of people to flee as deadly #floods spread https://t.co/5LiQ5pMSPl,['floods'],floods,1.0
120,Earth,2022-03-01 04:18:17+00:00,"""The #evidence is everywhere, #burning #forests in #Argentina, #massive #floods in #Bangladesh, #drought in #Spain. The impacts of #climate change are here, and they're getting #worse,"" @WmBrangham #Reports.

#Environnement 
#ClimateCrisis #ClimateReport #ClimateActionNow https://t.co/AbxQtxT1j2","['evidence', 'burning', 'forests', 'Argentina', 'massive', 'floods', 'Bangladesh', 'drought', 'Spain']",floods,0.0
121,Earth,2022-02-28 19:50:58+00:00,"#Map shows how #NewYork, #Dhaka and #Rotterdam are at #risk of coastal #floods.
A new #UN #Report said the number of #people living in low-lying #coastal regions could #increase to above one billion by 2050 https://t.co/Obp7UEzy7M","['Map', 'NewYork', 'Dhaka', 'Rotterdam', 'risk', 'floods', 'UN', 'Report']",floods,0.0
122,Kingdom of Bahrain,2022-02-28 17:15:49+00:00,"#IPCC Report: Ecosystem collapse, #species extinction, deadly heatwaves, and #floods are among the ""unavoidable multiple climate hazards‚Äù the world will face over the next two decades due to global warming. 
https://t.co/o4W18dqcXg","['IPCC', 'species', 'floods']",floods,0.0
123,New Delhi,2022-02-28 15:06:40+00:00,"Next, we go to Karnataka‚Äôs Kodagu district, which witnessed massive #floods. Inaccurate forecasting data only makes the problem worse. To enable flood-preparedness, a website and app, Our River Our Life, were launched to monitor the health of rivers.

https://t.co/wUgwXC8PTD",['floods'],floods,0.0
124,India,2022-02-28 12:21:31+00:00,"Tafrishaala Prime Time

https://t.co/NtKG77n4UW

https://t.co/KPAchHKxg8

#Ukraine #ceasefire #Russia #UkraineRussiaWar #Belarus #Australia #floods #ClimateChange #BankofRussia #interest #rouble #SouthKorea #COVID19 #India #Roads #Karnataka #tafrishaala #primetime #worldnews https://t.co/Z5viZ4jr56","['Ukraine', 'ceasefire', 'Russia']",floods,0.0
125,Karachi  - Pakistan ,2022-03-08 14:20:26+00:00,"#Quran : 

No #disaster #strikes upon the #earth or among yourselves except that it is in a #register before We bring it into being - #indeed that, for #Allah, is #easy .

57:22

#Islam
#Muslim
#Muslims","['Quran', 'disaster', 'strikes', 'earth', 'register']",disaster,0.0
126,"Dhaka, Bangladesh",2022-03-08 12:38:00+00:00,"Tens of thousands of Sydney residents have been told to evacuate their homes 

#flood #Australia  #disaster 
https://t.co/kWx3qVupxD","['flood', 'Australia', 'disaster']",disaster,1.0
127,"Mumbai, India",2022-03-08 11:19:16+00:00,20 killed as deadly floods continue to lash Australia #killed #deadly #floods #Australia #disaster #emergency #InternationalNews #globalnews #worldnews https://t.co/fGZtyZr45h,"['killed', 'deadly', 'floods', 'Australia', 'disaster', 'emergency']",disaster,1.0
128,New Delhi-110029,2022-03-07 23:05:00+00:00,#Disaster Preparation (After) #Thunderstorms/ #Duststorms/ #Squall Do's and Don'ts. https://t.co/9oyhOWULut,"['Disaster', 'Thunderstorms', 'Duststorms', 'Squall']",disaster,0.0
129,New Delhi-110029,2022-03-07 22:33:00+00:00,#Disaster Preparation (During) #Thunderstorms/ #Duststorms/ #Squall Do's and Don'ts. https://t.co/UMTzjyFfjH,"['Disaster', 'Thunderstorms', 'Duststorms', 'Squall']",disaster,0.0
130,"Cox's Bazar, Bangladesh",2022-03-07 17:23:35+00:00,We @NRC_Norway #Bangladesh #CoxsBazar office are there with Local #Government of üáßüá© to organise a meaningful celebration of National #Disaster Preparedness Day.#humanitarian agencies who mostly do disaster preparedness &amp; response works with community organizing events together. https://t.co/YFl0Cpb69n,"['Bangladesh', 'CoxsBazar', 'Government']",disaster,0.0
131,Karachi  - Pakistan ,2022-03-07 14:20:50+00:00,"#Quran : 

No #disaster #strikes upon the #earth or among yourselves except that it is in a #register before We bring it into being - #indeed that, for #Allah, is #easy .

57:22

#Islam
#Muslim
#Muslims","['Quran', 'disaster', 'strikes', 'earth', 'register']",disaster,0.0
132,India,2022-03-07 11:15:40+00:00,Mood when July market crash destroys your business #amazon #julymarketcrash #disaster https://t.co/18ziRhnQWj,"['amazon', 'julymarketcrash', 'disaster']",disaster,0.0
133,New Delhi,2022-03-06 15:52:58+00:00,"See the devastation power of a #landslide at a jade mine in #Myanmar . Result of this #landslide , at least 172 miners were killed, at least 100 were missing, and 54 people were injured at the jade mining site.
#Disaster #management #DRR #capacity #Building #Safety #zone4solution https://t.co/OTb0v2kSWL","['landslide', 'Myanmar', 'landslide']",disaster,1.0
134,Karachi  - Pakistan ,2022-03-06 14:20:30+00:00,"#Quran : 

No #disaster #strikes upon the #earth or among yourselves except that it is in a #register before We bring it into being - #indeed that, for #Allah, is #easy .

57:22

#Islam
#Muslim
#Muslims","['Quran', 'disaster', 'strikes', 'earth', 'register']",disaster,0.0
135,Islamabad,2022-03-06 10:40:52+00:00,"#NEWSUPDATE 

#Iowa weather: #Disaster proclamation issued after #Winterset tornado; 6 reported dead from #IowaTornadoes  
#pakustv #NYC #severeweather #ClimateEmergency #Tornado #MotherNature 
https://t.co/mClWnwKodt","['NEWSUPDATE', 'Iowa', 'Disaster', 'Winterset']",disaster,0.0
136,"New Delhi, India",2022-03-04 09:58:52+00:00,"#Ukraine after #RussianUkrainianWar is in a horrible state of #disaster Images similar to that of #SyrianWar bombarded by #russia #NATO #saynotowar 
#ukrainian #Zelensky  &amp; #russian #putin should now talk #ceasefire #humanlivesmatter stop #CollateralDamage of #ukrainian #kyiv https://t.co/GpGaQV7v9B","['Ukraine', 'RussianUkrainianWar', 'disaster', 'SyrianWar']",disaster,1.0
137,"Uttara, Dhaka, Bangladesh",2022-03-04 06:37:53+00:00,"CLIMATE DISPLACEMENT IN THE NEWS
#CLIMATE #NEWS #Himalayan #Disaster
https://t.co/Wl9PJ7xWJB","['CLIMATE', 'NEWS', 'Himalayan', 'Disaster']",disaster,1.0
138,New Delhi-110029,2022-03-04 06:03:00+00:00,"Be Aware! Be prepared! Prepare an Emergency evacuation plan well before a #disaster or some unforeseen event strikes. 

#DisasterEmergency 
#homesafety https://t.co/Ywx0waOyJt",['disaster'],disaster,1.0
139,"Chandigarh, India",2022-03-04 05:47:08+00:00,"This is seriously dangerous. #Russians bombarded #Europe‚Äôs largest #NuclearPowerPlant at #Energodar in #Ukraine. If it continues, there may be a severe #environmental #disaster. 

#ClimateCrisis #radiation
@GretaThunberg @Europarl_EN @UNEP @vanessa_vash

https://t.co/eltl8zDef9","['Russians', 'Europe', 'NuclearPowerPlant', 'Energodar', 'Ukraine']",disaster,1.0
140,New Delhi-110029,2022-03-04 05:03:00+00:00,#Disaster Tip: Always keep an #EmergencyKit ready with the essential items . https://t.co/w2MDSmUDMF,"['Disaster', 'EmergencyKit']",disaster,1.0
141,Earth,2022-03-04 02:55:49+00:00,"#disaster #agency #chief should be #Sacked, #Labor says, after #CALL for #flooded #homes not to be rebuilt
#floods https://t.co/ICtOxUOkcJ","['disaster', 'agency', 'chief', 'Sacked', 'Labor', 'CALL', 'flooded', 'homes', 'floods']",disaster,0.0
142,"West Bengal, India",2022-03-04 02:15:46+00:00,"#Preparedness ,before #disaster strikes 
#Prevention is better than cure
@AtulKarwal 
@NDRFHQ 
@SinghGurminder6 
@wbdmcd 
@sikkimgovt https://t.co/Az11o6hLlo","['Preparedness', 'disaster', 'Prevention']",disaster,0.0
143,India,2022-03-04 00:57:43+00:00,#Landslide disaster risk reduction does not end at scientific findings. State/national #disaster task force should include an advisory on type/location of human #settlements. Direct Domestic #Discharge into such slopes is main problem behind such incidents. https://t.co/KtJ6NiWXmP https://t.co/dmSa9RLb4L,"['Landslide', 'disaster']",disaster,1.0
144,New Delhi-110029,2022-03-03 22:02:00+00:00,#Disaster Preparation (After) #Thunderstorms/ #Duststorms/ #Squall Do's and Don'ts. https://t.co/yQBjaWqBM8,"['Disaster', 'Thunderstorms', 'Duststorms', 'Squall']",disaster,1.0
145,New Delhi-110029,2022-03-03 21:35:00+00:00,#Disaster Preparation (During) #Thunderstorms/ #Duststorms/ #Squall Do's and Don'ts. https://t.co/mFjea1h44W,"['Disaster', 'Thunderstorms', 'Duststorms', 'Squall']",disaster,1.0
146,"Jamshedpur, India",2022-03-03 11:15:39+00:00,"Terrible blow right in the center of Kharkov
#Ukraine #UkraineRussiaWar #Kharkov #DANGER #RussiaUkraine #disaster #UkraineWar #Russian #RussianUkrainianWar #India https://t.co/XtZqm6Tlqe","['Ukraine', 'UkraineRussiaWar', 'Kharkov', 'DANGER', 'RussiaUkraine', 'disaster']",disaster,0.0
147,Karachi  - Pakistan ,2022-03-02 14:20:36+00:00,"#Quran : 

No #disaster #strikes upon the #earth or among yourselves except that it is in a #register before We bring it into being - #indeed that, for #Allah, is #easy .

57:22

#Islam
#Muslim
#Muslims","['Quran', 'disaster', 'strikes', 'earth', 'register']",disaster,0.0
148,Chandigarh,2022-03-02 12:45:00+00:00,"National Disaster Response Force (NDRF) sends relief material to Ukraine
https://t.co/RcmlcAUpmM
#NewsOnline #COVID19 #Omicron #National #Disaster #Response #NDRF #material  #Ukraine https://t.co/w2nxnNXJOf",['NewsOnline'],disaster,1.0
149,India,2022-03-02 09:55:31+00:00,"Abaan Habib was distraught to see #Srinagar city lashed by a massive #floods in 2014. Having no access to any #disaster aid, he saw his own people in immense pain and helplessness.

https://t.co/uZtuUWIOb5","['Srinagar', 'floods']",disaster,1.0
150,"Delhi, India",2022-03-02 08:08:52+00:00,"Pakistan Visa for Afghan nationality in black market costs 600 USD.

Why they are misusing the situation?

#Disaster",['Disaster'],disaster,0.0
151,"Kathmandu, Nepal",2022-03-02 08:01:30+00:00,"Have you thought of designing projects that will empower #women &amp; #girls who are often impacted by #disaster &amp; #climatechange? 

@people_in_need design its project considering #genderequality &amp; integrates it at all levels. 

#BreakTheBias  #IWD2022 #WomensHistoryMonth https://t.co/Xeja3n34zM","['women', 'girls', 'disaster']",disaster,0.0
152,Karachi  - Pakistan ,2022-03-01 14:20:32+00:00,"#Quran : 

No #disaster #strikes upon the #earth or among yourselves except that it is in a #register before We bring it into being - #indeed that, for #Allah, is #easy .

57:22

#Islam
#Muslim
#Muslims","['Quran', 'disaster', 'strikes', 'earth', 'register']",disaster,0.0
153,"Delhi, India",2022-03-01 07:52:40+00:00,"Chapter 4 #water @IPCC_CH has valuable insights on #disaster attribution, the need for #systemic #adaptation, #LossAndDamage, local and #IndigenousPeoples knowledges.","['water', 'disaster', 'systemic', 'adaptation']",disaster,0.0
154,"New Delhi, India",2022-03-01 05:47:31+00:00,Major #disaster in India (1980-2009) https://t.co/dhBO6mW31h,['disaster'],disaster,1.0
155,New Delhi,2022-03-01 02:34:54+00:00,Fighting in #Ukraine must stop. This is a man made #disaster . World leaders you have great responsibility think...suffering of #mankind. @vikramsethi1974 @Ajayraj9595 @Athar_65 @BarkatMansuri_ @GirirajBahediya @Dkumarchandel @rubi_pathan @KremlinRussia_E @POTUS @narendramodi,"['Ukraine', 'disaster']",disaster,1.0
156,Afghanistan,2022-02-28 22:30:40+00:00,"#America made the people of Afghanistan a toy
One #sacrificed the people to drive out the #Taliban
The second time to bring the Taliban to power brought a #disaster
Although #Afghan politicians were involved, nothing could be done
The first and last cause of #murder_and_murder of","['America', 'sacrificed', 'Taliban']",disaster,0.0
157,Earth,2022-02-28 17:16:05+00:00,"#Russian #diplomat blames #NATO's #actions, #West's #silence on #Donbass for #Disaster in #Europe: https://t.co/1ZyvkPIB45","['Russian', 'diplomat', 'NATO', 'actions', 'West', 'silence', 'Donbass', 'Disaster', 'Europe']",disaster,0.0
158,Karachi  - Pakistan ,2022-02-28 14:20:43+00:00,"#Quran : 

No #disaster #strikes upon the #earth or among yourselves except that it is in a #register before We bring it into being - #indeed that, for #Allah, is #easy .

57:22

#Islam
#Muslim
#Muslims","['Quran', 'disaster', 'strikes', 'earth', 'register']",disaster,0.0
159,India,2022-02-28 13:38:34+00:00,"@antonioguterres @IPCC_CH The writing is on the wall and people worldwide are facing the #disaster of ‚õàÔ∏èüåÄüî•üåãüåäü•µüåèüåû
https://t.co/UyR0o411O6",['disaster'],disaster,1.0
160,Delhi,2022-02-28 13:11:18+00:00,"Picking comedians as head of a country or a state, results are the same
   #Disaster 
#Ukraine
#Punjab ü§ûü§û","['Disaster', 'Ukraine', 'Punjab']",disaster,0.0
161,"Mumbai, India",2022-02-28 11:03:16+00:00,"@JguJses @BchhayaB Starting the week with a talk on #Gender, #Health and #Disaster-Induced Internal #Displacement #Assam @BchhayaB @JguJses @JindalGlobalUNI @RLI_News @LondonAlumni @OPJUniversity https://t.co/fObGfuMec2","['Gender', 'Health', 'Disaster', 'Displacement']",disaster,0.0
